{
  "Close Sessions On End" : true,
  "Ansi 15 Color (Dark)" : {
    "Red Component" : 1,
    "Color Space" : "sRGB",
    "Blue Component" : 1,
    "Alpha Component" : 1,
    "Green Component" : 1
  },
  "Ansi 12 Color (Light)" : {
    "Red Component" : 0.56862745098039214,
    "Color Space" : "sRGB",
    "Blue Component" : 1,
    "Alpha Component" : 1,
    "Green Component" : 0.79607843137254897
  },
  "Cursor Text Color" : {
    "Red Component" : 0.44313725490196076,
    "Color Space" : "sRGB",
    "Blue Component" : 1,
    "Alpha Component" : 1,
    "Green Component" : 0.71764705882352942
  },
  "Prompt Before Closing 2" : false,
  "Unicode Normalization" : 0,
  "Ansi 3 Color (Dark)" : {
    "Red Component" : 0.94117647058823528,
    "Color Space" : "sRGB",
    "Blue Component" : 0.18431372549019609,
    "Alpha Component" : 1,
    "Green Component" : 0.71764705882352942
  },
  "Ansi 12 Color (Dark)" : {
    "Red Component" : 0.56862745098039214,
    "Color Space" : "sRGB",
    "Blue Component" : 1,
    "Alpha Component" : 1,
    "Green Component" : 0.79607843137254897
  },
  "Mouse Reporting" : true,
  "Use Underline Color (Light)" : false,
  "Disable Window Resizing" : true,
  "BM Growl" : true,
  "Background Color (Dark)" : {
    "Red Component" : 0.039215686274509803,
    "Color Space" : "sRGB",
    "Blue Component" : 0.062745098039215685,
    "Alpha Component" : 1,
    "Green Component" : 0.047058823529411764
  },
  "Guid" : "5ECCD3CB-60EC-4D20-B898-03344605105A",
  "Cursor Color (Dark)" : {
    "Red Component" : 0.44313725490196076,
    "Color Space" : "sRGB",
    "Blue Component" : 1,
    "Alpha Component" : 1,
    "Green Component" : 0.71764705882352942
  },
  "Selection Color (Dark)" : {
    "Red Component" : 0.94117647058823528,
    "Color Space" : "sRGB",
    "Blue Component" : 0.96470588235294119,
    "Alpha Component" : 1,
    "Green Component" : 0.95294117647058818
  },
  "Only The Default BG Color Uses Transparency" : false,
  "Scrollback Lines" : 1000,
  "Badge Color (Dark)" : {
    "Red Component" : 0.92929404973983765,
    "Color Space" : "P3",
    "Blue Component" : 0.13960540294647217,
    "Alpha Component" : 0.5,
    "Green Component" : 0.25479039549827576
  },
  "Ansi 0 Color (Dark)" : {
    "Red Component" : 0.47843137254901963,
    "Color Space" : "sRGB",
    "Blue Component" : 0.55686274509803924,
    "Alpha Component" : 1,
    "Green Component" : 0.50980392156862742
  },
  "Transparency" : 0.150390625,
  "Use Bright Bold" : true,
  "Horizontal Spacing" : 1,
  "Ansi 13 Color (Light)" : {
    "Red Component" : 0.85882352941176465,
    "Color Space" : "sRGB",
    "Blue Component" : 1,
    "Alpha Component" : 1,
    "Green Component" : 0.71764705882352942
  },
  "Blur" : true,
  "Ansi 13 Color" : {
    "Red Component" : 0.85882352941176465,
    "Color Space" : "sRGB",
    "Blue Component" : 1,
    "Alpha Component" : 1,
    "Green Component" : 0.71764705882352942
  },
  "Ansi 2 Color (Dark)" : {
    "Red Component" : 0.14901960784313725,
    "Color Space" : "sRGB",
    "Blue Component" : 0.30196078431372547,
    "Alpha Component" : 1,
    "Green Component" : 0.80392156862745101
  },
  "Cursor Color" : {
    "Red Component" : 0.44313725490196076,
    "Color Space" : "sRGB",
    "Blue Component" : 1,
    "Alpha Component" : 1,
    "Green Component" : 0.71764705882352942
  },
  "Use Cursor Guide (Light)" : false,
  "Option Key Sends" : 0,
  "Idle Code" : 0,
  "Ansi 13 Color (Dark)" : {
    "Red Component" : 0.85882352941176465,
    "Color Space" : "sRGB",
    "Blue Component" : 1,
    "Alpha Component" : 1,
    "Green Component" : 0.71764705882352942
  },
  "Send Code When Idle" : false,
  "Selection Color" : {
    "Red Component" : 0.94117647058823528,
    "Color Space" : "sRGB",
    "Blue Component" : 0.96470588235294119,
    "Alpha Component" : 1,
    "Green Component" : 0.95294117647058818
  },
  "Terminal Type" : "xterm-256color",
  "Cursor Boost (Dark)" : 0,
  "Right Option Key Sends" : 0,
  "Background Color" : {
    "Red Component" : 0.039215686274509803,
    "Color Space" : "sRGB",
    "Blue Component" : 0.062745098039215685,
    "Alpha Component" : 1,
    "Green Component" : 0.047058823529411764
  },
  "Ansi 10 Color (Dark)" : {
    "Red Component" : 0.29019607843137257,
    "Color Space" : "sRGB",
    "Blue Component" : 0.40784313725490196,
    "Alpha Component" : 1,
    "Green Component" : 0.88235294117647056
  },
  "Ansi 10 Color" : {
    "Red Component" : 0.29019607843137257,
    "Color Space" : "sRGB",
    "Blue Component" : 0.40784313725490196,
    "Alpha Component" : 1,
    "Green Component" : 0.88235294117647056
  },
  "Vertical Spacing" : 1,
  "Use Tab Color (Light)" : false,
  "Columns" : 80,
  "Ansi 2 Color (Light)" : {
    "Red Component" : 0.14901960784313725,
    "Color Space" : "sRGB",
    "Blue Component" : 0.30196078431372547,
    "Alpha Component" : 1,
    "Green Component" : 0.80392156862745101
  },
  "Screen" : -2,
  "Cursor Text Color (Dark)" : {
    "Red Component" : 0.44313725490196076,
    "Color Space" : "sRGB",
    "Blue Component" : 1,
    "Alpha Component" : 1,
    "Green Component" : 0.71764705882352942
  },
  "Description" : "Default",
  "Unlimited Scrollback" : false,
  "Use Italic Font" : true,
  "Working Directory" : "\/Users\/neimu",
  "Selected Text Color (Dark)" : {
    "Red Component" : 0.039215686274509803,
    "Color Space" : "sRGB",
    "Blue Component" : 0.062745098039215685,
    "Alpha Component" : 1,
    "Green Component" : 0.047058823529411764
  },
  "Use Cursor Guide (Dark)" : false,
  "Visual Bell" : true,
  "Link Color (Light)" : {
    "Red Component" : 0.44313725490196076,
    "Color Space" : "sRGB",
    "Blue Component" : 1,
    "Alpha Component" : 1,
    "Green Component" : 0.71764705882352942
  },
  "Ansi 1 Color (Dark)" : {
    "Red Component" : 1,
    "Color Space" : "sRGB",
    "Blue Component" : 0.5725490196078431,
    "Alpha Component" : 1,
    "Green Component" : 0.58039215686274515
  },
  "Default Bookmark" : "No",
  "Animate Movement" : true,
  "Ansi 14 Color (Light)" : {
    "Red Component" : 0.33725490196078434,
    "Color Space" : "sRGB",
    "Blue Component" : 0.8666666666666667,
    "Alpha Component" : 1,
    "Green Component" : 0.83137254901960789
  },
  "Ansi 7 Color (Light)" : {
    "Red Component" : 0.85098039215686272,
    "Color Space" : "sRGB",
    "Blue Component" : 0.8901960784313725,
    "Alpha Component" : 1,
    "Green Component" : 0.87058823529411766
  },
  "Ansi 3 Color (Light)" : {
    "Red Component" : 0.94117647058823528,
    "Color Space" : "sRGB",
    "Blue Component" : 0.18431372549019609,
    "Alpha Component" : 1,
    "Green Component" : 0.71764705882352942
  },
  "Title Components" : 387,
  "Ansi 9 Color (Dark)" : {
    "Red Component" : 1,
    "Color Space" : "sRGB",
    "Blue Component" : 0.68627450980392157,
    "Alpha Component" : 1,
    "Green Component" : 0.69411764705882351
  },
  "Badge Color (Light)" : {
    "Red Component" : 0.92929404973983765,
    "Color Space" : "P3",
    "Blue Component" : 0.13960540294647217,
    "Alpha Component" : 0.5,
    "Green Component" : 0.25479039549827576
  },
  "Ansi 14 Color (Dark)" : {
    "Red Component" : 0.33725490196078434,
    "Color Space" : "sRGB",
    "Blue Component" : 0.8666666666666667,
    "Alpha Component" : 1,
    "Green Component" : 0.83137254901960789
  },
  "Tags" : [

  ],
  "Link Color (Dark)" : {
    "Red Component" : 0.44313725490196076,
    "Color Space" : "sRGB",
    "Blue Component" : 1,
    "Alpha Component" : 1,
    "Green Component" : 0.71764705882352942
  },
  "Custom Command" : "No",
  "Jobs to Ignore" : [
    "rlogin",
    "ssh",
    "slogin",
    "telnet"
  ],
  "Use Non-ASCII Font" : false,
  "Custom Directory" : "No",
  "Use Selected Text Color (Light)" : true,
  "Bold Color (Light)" : {
    "Red Component" : 0.94117647058823528,
    "Color Space" : "sRGB",
    "Blue Component" : 0.96470588235294119,
    "Alpha Component" : 1,